<?xml version="1.0" encoding="UTF-8"?>
<iRICProject version="3.0.18.6312" solverName="storm" solverVersion="0.4.1" offsetX="0" offsetY="0">
    <CgnsFileList current="Case1">
        <CgnsFileEntry filename="Case1" comment=""/>
    </CgnsFileList>
    <MeasuredDatas/>
    <CalculationResult currentStep="100">
        <Base dimension="2">
            <Zone name="iRICZone"/>
        </Base>
    </CalculationResult>
    <PostProcessors>
        <PostProcessor type="post2dwindow" index="3" backgroundColor="#ffffff" visible="true" maximized="false" left="14" top="-4" width="1364" height="784">
            <Camera positionX="144.584" positionY="179.519" positionZ="200" focalpointX="144.584" focalpointY="179.519" focalpointZ="0" roll="0" parallelscale="84.2447" parallelprojection="true"/>
            <DataModel ZScale="1" isExpanded="false">
                <GridType checkState="2" isExpanded="true" name="storm">
                    <LookupTables>
                        <LookupTable name="Bed Elevation" autoRange="true" autoMin="-26" autoMax="31" manualMin="0" manualMax="0" colorMap="0"/>
                        <LookupTable name="Bed Shear Stress" autoRange="true" autoMin="0" autoMax="892.934" manualMin="0" manualMax="0" colorMap="0"/>
                        <LookupTable name="Cd" autoRange="true" autoMin="0.0349" autoMax="0.0351" manualMin="0" manualMax="0" colorMap="0"/>
                        <LookupTable name="Depth" autoRange="true" autoMin="0" autoMax="31.5047" manualMin="0" manualMax="0" colorMap="0"/>
                        <LookupTable name="Divergence of Bed Shear Stress" autoRange="true" autoMin="-338.248" autoMax="370.89" manualMin="0" manualMax="0" colorMap="0"/>
                        <LookupTable name="Elevation" autoRange="true" autoMin="-26" autoMax="31" manualMin="0" manualMax="0" colorMap="0"/>
                        <LookupTable name="IBC" autoRange="true" autoMin="0" autoMax="1" manualMin="0" manualMax="0" colorMap="0"/>
                        <LookupTable name="Shields Diameter (mm)" autoRange="true" autoMin="0" autoMax="1.001e+06" manualMin="0" manualMax="0" colorMap="0"/>
                        <LookupTable name="Velocity (magnitude)" autoRange="true" autoMin="0" autoMax="8.9797" manualMin="0" manualMax="0" colorMap="0"/>
                        <LookupTable name="Water Surface Elevation" autoRange="true" autoMin="0.566939" autoMax="31" manualMin="0" manualMax="0" colorMap="0"/>
                    </LookupTables>
                    <ParticleLookupTables/>
                    <PolyDataLookupTables/>
                    <GeoData checkState="2" isExpanded="true"/>
                    <Zones>
                        <Zone checkState="2" isExpanded="true" name="iRICZone">
                            <Shape checkState="0" isExpanded="true">
                                <Shape color="#000000" shape="0" indexVisible="false" indexColor="#000000"/>
                            </Shape>
                            <Contours checkState="2" isExpanded="true">
                                <ScalarBarTitles>
                                    <ScalarBarTitle value="Bed Elevation" title="Bed Elevation"/>
                                    <ScalarBarTitle value="Bed Shear Stress" title="Bed Shear Stress"/>
                                    <ScalarBarTitle value="Cd" title="Cd"/>
                                    <ScalarBarTitle value="Depth" title="Depth"/>
                                    <ScalarBarTitle value="Divergence of Bed Shear Stress" title="Divergence of Bed Shear Stress"/>
                                    <ScalarBarTitle value="Elevation" title="Elevation"/>
                                    <ScalarBarTitle value="IBC" title="IBC"/>
                                    <ScalarBarTitle value="Shields Diameter (mm)" title="Shields Diameter (mm)"/>
                                    <ScalarBarTitle value="Velocity (magnitude)" title="Velocity (magnitude)"/>
                                    <ScalarBarTitle value="Water Surface Elevation" title="Water Surface Elevation"/>
                                </ScalarBarTitles>
                                <ScalarGroup checkState="0" isExpanded="true" solution="IBC" contour="3" numberOfDivisions="15" fillUpper="true" fillLower="true" opacityPercent="50" scalarBarVisible="true" scalarBarOrientation="0" scalarBarQuadrant="0" scalarBarNumberOfLabels="8" scalarBarWidth="0.1" scalarBarHeight="0.3" scalarBarPositionX="0.8" scalarBarPositionY="0.1" scalarBarLabelFormat="%-#6.3g" scalarBarFontFamily="0" scalarBarFontColor="#000000" scalarBarFontSize="10" scalarBarFontIsBold="false" scalarBarFontIsItalic="false" scalarBarFontIsShadow="false" scalarBarFontFamily="0" scalarBarFontColor="#000000" scalarBarFontSize="10" scalarBarFontIsBold="false" scalarBarFontIsItalic="false" scalarBarFontIsShadow="false" regionMode="0" regionIMin="0" regionIMax="0" regionJMin="0" regionJMax="0">
                                    <LookupTable autoRange="true" autoMin="0" autoMax="1" manualMin="0" manualMax="0" colorMap="0"/>
                                </ScalarGroup>
                                <ScalarGroup checkState="0" isExpanded="true" solution="Bed Elevation" contour="3" numberOfDivisions="15" fillUpper="true" fillLower="true" opacityPercent="50" scalarBarVisible="true" scalarBarOrientation="0" scalarBarQuadrant="0" scalarBarNumberOfLabels="8" scalarBarWidth="0.1" scalarBarHeight="0.3" scalarBarPositionX="0.8" scalarBarPositionY="0.1" scalarBarLabelFormat="%-#6.3g" scalarBarFontFamily="0" scalarBarFontColor="#000000" scalarBarFontSize="10" scalarBarFontIsBold="false" scalarBarFontIsItalic="false" scalarBarFontIsShadow="false" scalarBarFontFamily="0" scalarBarFontColor="#000000" scalarBarFontSize="10" scalarBarFontIsBold="false" scalarBarFontIsItalic="false" scalarBarFontIsShadow="false" regionMode="0" regionIMin="0" regionIMax="0" regionJMin="0" regionJMax="0">
                                    <LookupTable autoRange="true" autoMin="-26" autoMax="31" manualMin="0" manualMax="0" colorMap="0"/>
                                </ScalarGroup>
                                <ScalarGroup checkState="0" isExpanded="true" solution="Elevation" contour="3" numberOfDivisions="15" fillUpper="true" fillLower="true" opacityPercent="50" scalarBarVisible="true" scalarBarOrientation="0" scalarBarQuadrant="0" scalarBarNumberOfLabels="8" scalarBarWidth="0.1" scalarBarHeight="0.3" scalarBarPositionX="0.8" scalarBarPositionY="0.1" scalarBarLabelFormat="%-#6.3g" scalarBarFontFamily="0" scalarBarFontColor="#000000" scalarBarFontSize="10" scalarBarFontIsBold="false" scalarBarFontIsItalic="false" scalarBarFontIsShadow="false" scalarBarFontFamily="0" scalarBarFontColor="#000000" scalarBarFontSize="10" scalarBarFontIsBold="false" scalarBarFontIsItalic="false" scalarBarFontIsShadow="false" regionMode="0" regionIMin="0" regionIMax="0" regionJMin="0" regionJMax="0">
                                    <LookupTable autoRange="true" autoMin="-26" autoMax="31" manualMin="0" manualMax="0" colorMap="0"/>
                                </ScalarGroup>
                                <ScalarGroup checkState="0" isExpanded="true" solution="Depth" contour="3" numberOfDivisions="15" fillUpper="true" fillLower="true" opacityPercent="50" scalarBarVisible="true" scalarBarOrientation="0" scalarBarQuadrant="0" scalarBarNumberOfLabels="8" scalarBarWidth="0.1" scalarBarHeight="0.3" scalarBarPositionX="0.8" scalarBarPositionY="0.1" scalarBarLabelFormat="%-#6.3g" scalarBarFontFamily="0" scalarBarFontColor="#000000" scalarBarFontSize="10" scalarBarFontIsBold="false" scalarBarFontIsItalic="false" scalarBarFontIsShadow="false" scalarBarFontFamily="0" scalarBarFontColor="#000000" scalarBarFontSize="10" scalarBarFontIsBold="false" scalarBarFontIsItalic="false" scalarBarFontIsShadow="false" regionMode="0" regionIMin="0" regionIMax="0" regionJMin="0" regionJMax="0">
                                    <LookupTable autoRange="true" autoMin="0" autoMax="31.5047" manualMin="0" manualMax="0" colorMap="0"/>
                                </ScalarGroup>
                                <ScalarGroup checkState="0" isExpanded="true" solution="Water Surface Elevation" contour="3" numberOfDivisions="15" fillUpper="true" fillLower="true" opacityPercent="50" scalarBarVisible="true" scalarBarOrientation="0" scalarBarQuadrant="0" scalarBarNumberOfLabels="8" scalarBarWidth="0.1" scalarBarHeight="0.3" scalarBarPositionX="0.8" scalarBarPositionY="0.1" scalarBarLabelFormat="%-#6.3g" scalarBarFontFamily="0" scalarBarFontColor="#000000" scalarBarFontSize="10" scalarBarFontIsBold="false" scalarBarFontIsItalic="false" scalarBarFontIsShadow="false" scalarBarFontFamily="0" scalarBarFontColor="#000000" scalarBarFontSize="10" scalarBarFontIsBold="false" scalarBarFontIsItalic="false" scalarBarFontIsShadow="false" regionMode="0" regionIMin="0" regionIMax="0" regionJMin="0" regionJMax="0">
                                    <LookupTable autoRange="true" autoMin="0.566939" autoMax="31" manualMin="0" manualMax="0" colorMap="0"/>
                                </ScalarGroup>
                                <ScalarGroup checkState="0" isExpanded="true" solution="Cd" contour="3" numberOfDivisions="15" fillUpper="true" fillLower="true" opacityPercent="50" scalarBarVisible="true" scalarBarOrientation="0" scalarBarQuadrant="0" scalarBarNumberOfLabels="8" scalarBarWidth="0.1" scalarBarHeight="0.3" scalarBarPositionX="0.8" scalarBarPositionY="0.1" scalarBarLabelFormat="%-#6.3g" scalarBarFontFamily="0" scalarBarFontColor="#000000" scalarBarFontSize="10" scalarBarFontIsBold="false" scalarBarFontIsItalic="false" scalarBarFontIsShadow="false" scalarBarFontFamily="0" scalarBarFontColor="#000000" scalarBarFontSize="10" scalarBarFontIsBold="false" scalarBarFontIsItalic="false" scalarBarFontIsShadow="false" regionMode="0" regionIMin="0" regionIMax="0" regionJMin="0" regionJMax="0">
                                    <LookupTable autoRange="true" autoMin="0.0349" autoMax="0.0351" manualMin="0" manualMax="0" colorMap="0"/>
                                </ScalarGroup>
                                <ScalarGroup checkState="0" isExpanded="true" solution="Bed Shear Stress" contour="3" numberOfDivisions="15" fillUpper="true" fillLower="true" opacityPercent="50" scalarBarVisible="true" scalarBarOrientation="0" scalarBarQuadrant="0" scalarBarNumberOfLabels="8" scalarBarWidth="0.1" scalarBarHeight="0.3" scalarBarPositionX="0.8" scalarBarPositionY="0.1" scalarBarLabelFormat="%-#6.3g" scalarBarFontFamily="0" scalarBarFontColor="#000000" scalarBarFontSize="10" scalarBarFontIsBold="false" scalarBarFontIsItalic="false" scalarBarFontIsShadow="false" scalarBarFontFamily="0" scalarBarFontColor="#000000" scalarBarFontSize="10" scalarBarFontIsBold="false" scalarBarFontIsItalic="false" scalarBarFontIsShadow="false" regionMode="0" regionIMin="0" regionIMax="0" regionJMin="0" regionJMax="0">
                                    <LookupTable autoRange="true" autoMin="0" autoMax="892.934" manualMin="0" manualMax="0" colorMap="0"/>
                                </ScalarGroup>
                                <ScalarGroup checkState="0" isExpanded="true" solution="Divergence of Bed Shear Stress" contour="3" numberOfDivisions="15" fillUpper="true" fillLower="true" opacityPercent="50" scalarBarVisible="true" scalarBarOrientation="0" scalarBarQuadrant="0" scalarBarNumberOfLabels="8" scalarBarWidth="0.1" scalarBarHeight="0.3" scalarBarPositionX="0.8" scalarBarPositionY="0.1" scalarBarLabelFormat="%-#6.3g" scalarBarFontFamily="0" scalarBarFontColor="#000000" scalarBarFontSize="10" scalarBarFontIsBold="false" scalarBarFontIsItalic="false" scalarBarFontIsShadow="false" scalarBarFontFamily="0" scalarBarFontColor="#000000" scalarBarFontSize="10" scalarBarFontIsBold="false" scalarBarFontIsItalic="false" scalarBarFontIsShadow="false" regionMode="0" regionIMin="0" regionIMax="0" regionJMin="0" regionJMax="0">
                                    <LookupTable autoRange="true" autoMin="-338.248" autoMax="370.89" manualMin="0" manualMax="0" colorMap="0"/>
                                </ScalarGroup>
                                <ScalarGroup checkState="0" isExpanded="true" solution="Shields Diameter (mm)" contour="3" numberOfDivisions="15" fillUpper="true" fillLower="true" opacityPercent="50" scalarBarVisible="true" scalarBarOrientation="0" scalarBarQuadrant="0" scalarBarNumberOfLabels="8" scalarBarWidth="0.1" scalarBarHeight="0.3" scalarBarPositionX="0.8" scalarBarPositionY="0.1" scalarBarLabelFormat="%-#6.3g" scalarBarFontFamily="0" scalarBarFontColor="#000000" scalarBarFontSize="10" scalarBarFontIsBold="false" scalarBarFontIsItalic="false" scalarBarFontIsShadow="false" scalarBarFontFamily="0" scalarBarFontColor="#000000" scalarBarFontSize="10" scalarBarFontIsBold="false" scalarBarFontIsItalic="false" scalarBarFontIsShadow="false" regionMode="0" regionIMin="0" regionIMax="0" regionJMin="0" regionJMax="0">
                                    <LookupTable autoRange="true" autoMin="0" autoMax="1.001e+06" manualMin="0" manualMax="0" colorMap="0"/>
                                </ScalarGroup>
                                <ScalarGroup checkState="0" isExpanded="true" solution="Velocity (magnitude)" contour="3" numberOfDivisions="15" fillUpper="true" fillLower="true" opacityPercent="50" scalarBarVisible="true" scalarBarOrientation="0" scalarBarQuadrant="0" scalarBarNumberOfLabels="8" scalarBarWidth="0.1" scalarBarHeight="0.3" scalarBarPositionX="0.8" scalarBarPositionY="0.1" scalarBarLabelFormat="%-#6.3g" scalarBarFontFamily="0" scalarBarFontColor="#000000" scalarBarFontSize="10" scalarBarFontIsBold="false" scalarBarFontIsItalic="false" scalarBarFontIsShadow="false" scalarBarFontFamily="0" scalarBarFontColor="#000000" scalarBarFontSize="10" scalarBarFontIsBold="false" scalarBarFontIsItalic="false" scalarBarFontIsShadow="false" regionMode="0" regionIMin="0" regionIMax="0" regionJMin="0" regionJMax="0">
                                    <LookupTable autoRange="true" autoMin="0" autoMax="8.9797" manualMin="0" manualMax="0" colorMap="0"/>
                                </ScalarGroup>
                            </Contours>
                            <ArrowGroup checkState="2" isExpanded="true" attribute="" samplingMode="1" samplingRate="2" samplingNumber="100" colorMode="0" customColor="#ff00ff" colorAttribute="IBC" lengthMode="1" standardValue="6" legendLength="50" minimumValue="0.01" arrowSize="8" arrowLineWidth="1" visible="true" orientation="0" quadrant="0" numberOfLabels="8" width="0.1" height="0.3" positionX="0.8" positionY="0.1" labelFormat="%-#6.3g" titleTextFontFamily="0" titleTextFontColor="#000000" titleTextFontSize="10" titleTextFontIsBold="false" titleTextFontIsItalic="false" titleTextFontIsShadow="false" labelTextFontFamily="0" labelTextFontColor="#000000" labelTextFontSize="10" labelTextFontIsBold="false" labelTextFontIsItalic="false" labelTextFontIsShadow="false" regionMode="0"/>
                            <StreamlineGroup checkState="2" isExpanded="true" solution="" regionMode="0">
                                <Streamlines>
                                    <Streamline point1X="211.343" point1Y="253.928" point2X="218.774" point2Y="243.791" pointsSet="true" numberOfPoints="50" color="#ffff00" width="1"/>
                                    <Streamline point1X="33.018" point1Y="191.983" point2X="36.8457" point2Y="168.557" pointsSet="true" numberOfPoints="50" color="#00ff00" width="1"/>
                                </Streamlines>
                            </StreamlineGroup>
                            <ParticleGroup checkState="2" isExpanded="true" solution="Velocity" timeMode="0" timeSamplingRate="2" timeDivision="2" particleSize="3" regionMode="0">
                                <Particles>
                                    <Particle point1X="206.615" point1Y="248.897" point2X="214.721" point2Y="240.337" pointsSet="true" numberOfPoints="20" color="#ff0000" size="3"/>
                                    <Particle point1X="37.9715" point1Y="191.232" point2X="41.7992" point2Y="171.86" pointsSet="true" numberOfPoints="20" color="#0000ff" size="3"/>
                                </Particles>
                            </ParticleGroup>
                            <CellFlagGroup checkState="2" isExpanded="true" opacityPercent="50"/>
                        </Zone>
                    </Zones>
                </GridType>
                <Title checkState="2" isExpanded="true" title="" fontSize="20" color="#000000"/>
                <Time checkState="2" isExpanded="true" format="0" color="#000000"/>
                <DistanceMeasures checkState="2" isExpanded="true">
                    <DistanceMeasure checkState="2" isExpanded="true" name="Measure1" defined="false" point1X="0" point1Y="0" point2X="0" point2Y="0" showLabel="true" labelMode="0" labelPosition="2" fontSize="12" customLabel="" showMarkers="true" markerSize="7" color="#000000"/>
                </DistanceMeasures>
                <TmsBackground checkState="2" isExpanded="true" target=""/>
            </DataModel>
        </PostProcessor>
    </PostProcessors>
    <Backgrounds/>
    <PreProcessorWindow backgroundColor="#ffffff" visible="true" maximized="false" left="16" top="3" width="1528" height="784">
        <Camera positionX="253.885" positionY="133.164" positionZ="200" focalpointX="253.885" focalpointY="133.164" focalpointZ="0" roll="0" parallelscale="187.33" parallelprojection="true"/>
        <DataModel isExpanded="false" mappingMode="0" geoMappingMode="0" tempAutoRegion="1" tempStreamWiseLength="4" tempCrossStreamLength="1" numExpansion="3" weightExponent="1">
            <BackgroundImages checkState="2" isExpanded="true"/>
            <GridType checkState="2" isExpanded="false" name="storm">
                <ColorMaps>
                    <ColorMap name="initial_cd" autoRange="true" autoMin="0.01" autoMax="0.035" manualMin="0" manualMax="0" colorMap="0"/>
                    <ColorMap name="initial_u0" autoRange="true" autoMin="-0.0001" autoMax="0.0001" manualMin="0" manualMax="0" colorMap="0"/>
                    <ColorMap name="initial_v0" autoRange="true" autoMin="-0.0001" autoMax="0.0001" manualMin="0" manualMax="0" colorMap="0"/>
                    <ColorMap name="initial_wse" autoRange="true" autoMin="-0.0001" autoMax="0.0001" manualMin="0" manualMax="0" colorMap="0"/>
                    <ColorMap name="initial_z0" autoRange="true" autoMin="-26" autoMax="31" manualMin="0" manualMax="0" colorMap="0"/>
                    <ColorMap name="wind_dir" autoRange="true" autoMin="-0.0001" autoMax="0.0001" manualMin="0" manualMax="0" colorMap="0"/>
                    <ColorMap name="wind_fric" autoRange="true" autoMin="-0.0001" autoMax="0.0001" manualMin="0" manualMax="0" colorMap="0"/>
                    <ColorMap name="wind_mag" autoRange="true" autoMin="-0.0001" autoMax="0.0001" manualMin="0" manualMax="0" colorMap="0"/>
                </ColorMaps>
                <GeoData checkState="2" isExpanded="true" visible="true" titleFontFamily="0" titleFontColor="#000000" titleFontSize="10" titleFontIsBold="false" titleFontIsItalic="false" titleFontIsShadow="false" labelFontFamily="0" labelFontColor="#000000" labelFontSize="10" labelFontIsBold="false" labelFontIsItalic="false" labelFontIsShadow="false">
                    <GeoDataGroup checkState="2" isExpanded="true" name="initial_z0">
                        <GeoData checkState="2" isExpanded="false" type="realPointmap" name="pointset1" caption="BayouBathymetry" mapped="true" needremeshing="0" hidebreaklines="0" representation="2" opacityPercent="50" pointSize="3"/>
                        <GeoData checkState="2" isExpanded="false" type="realBackground" name="background" caption="Default" mapped="true"/>
                    </GeoDataGroup>
                    <GeoDataGroup checkState="0" isExpanded="true" name="initial_cd">
                        <GeoData checkState="0" isExpanded="false" type="realPolygon" name="polygon1" caption="Polygon1" mapped="true" color="#000000" opacityPercent="50" mapping="0"/>
                        <GeoData checkState="2" isExpanded="false" type="realBackground" name="background" caption="Default" mapped="true"/>
                    </GeoDataGroup>
                    <GeoDataGroup checkState="0" isExpanded="true" name="initial_u0">
                        <GeoData checkState="2" isExpanded="false" type="realBackground" name="background" caption="Default" mapped="true"/>
                    </GeoDataGroup>
                    <GeoDataGroup checkState="0" isExpanded="true" name="initial_v0">
                        <GeoData checkState="2" isExpanded="false" type="realBackground" name="background" caption="Default" mapped="true"/>
                    </GeoDataGroup>
                    <GeoDataGroup checkState="0" isExpanded="true" name="initial_wse">
                        <GeoData checkState="2" isExpanded="false" type="realBackground" name="background" caption="Default" mapped="true"/>
                    </GeoDataGroup>
                    <GeoDataGroup checkState="0" isExpanded="true" name="wind_fric">
                        <GeoData checkState="2" isExpanded="false" type="realBackground" name="background" caption="Default" mapped="true"/>
                    </GeoDataGroup>
                    <GeoDataGroup checkState="0" isExpanded="true" name="wind_mag">
                        <GeoData checkState="2" isExpanded="false" type="realBackground" name="background" caption="Default" mapped="true"/>
                    </GeoDataGroup>
                    <GeoDataGroup checkState="0" isExpanded="true" name="wind_dir">
                        <GeoData checkState="2" isExpanded="false" type="realBackground" name="background" caption="Default" mapped="true"/>
                    </GeoDataGroup>
                    <GeoDataGroup checkState="0" isExpanded="true" name="_referenceinformation">
                        <GeoData checkState="2" isExpanded="false" type="realBackground" name="background" caption="Default" mapped="true"/>
                    </GeoDataGroup>
                </GeoData>
                <HydraulicData isExpanded="false">
                    <HydraulicDataGroup isExpanded="false" name="waterelevation">
                        <HydraulicData isExpanded="false" name="wse1" caption="WSE"/>
                    </HydraulicDataGroup>
                </HydraulicData>
                <Region checkState="2" isExpanded="false" zoneName="iRICZone" caption="Region">
                    <GridCreatingCondition checkState="2" isExpanded="true" name="triangle"/>
                    <BoundaryConditionSettings checkState="0" isExpanded="true">
                        <BoundaryConditionSetting checkState="2" isExpanded="false"/>
                        <BoundaryConditionSetting checkState="2" isExpanded="false"/>
                        <BoundaryConditionSetting checkState="2" isExpanded="false"/>
                    </BoundaryConditionSettings>
                    <Grid checkState="2" isExpanded="true">
                        <Shape checkState="2" isExpanded="false" color="#000000" shape="1" indexVisible="false" indexColor="#000000"/>
                        <NodeAttributes checkState="2" isExpanded="false" opacityPercent="50">
                            <NodeAttribute name="initial_z0" checkState="0" isExpanded="false" isCustomModified="0">
                                <Contour ContourType="3" NumberOfDivision="10"/>
                            </NodeAttribute>
                            <NodeAttribute name="initial_cd" checkState="0" isExpanded="false" isCustomModified="0">
                                <Contour ContourType="3" NumberOfDivision="10"/>
                            </NodeAttribute>
                            <NodeAttribute name="initial_u0" checkState="0" isExpanded="false" isCustomModified="0">
                                <Contour ContourType="3" NumberOfDivision="10"/>
                            </NodeAttribute>
                            <NodeAttribute name="initial_v0" checkState="0" isExpanded="false" isCustomModified="0">
                                <Contour ContourType="3" NumberOfDivision="10"/>
                            </NodeAttribute>
                            <NodeAttribute name="initial_wse" checkState="0" isExpanded="false" isCustomModified="0">
                                <Contour ContourType="3" NumberOfDivision="10"/>
                            </NodeAttribute>
                            <NodeAttribute name="wind_fric" checkState="0" isExpanded="false" isCustomModified="0">
                                <Contour ContourType="3" NumberOfDivision="10"/>
                            </NodeAttribute>
                            <NodeAttribute name="wind_mag" checkState="0" isExpanded="false" isCustomModified="0">
                                <Contour ContourType="3" NumberOfDivision="10"/>
                            </NodeAttribute>
                            <NodeAttribute name="wind_dir" checkState="0" isExpanded="false" isCustomModified="0">
                                <Contour ContourType="3" NumberOfDivision="10"/>
                            </NodeAttribute>
                        </NodeAttributes>
                        <CellAttributes checkState="0" isExpanded="false" opacityPercent="50"/>
                        <BoundaryConditions checkState="0" isExpanded="false">
                            <BoundaryCondition checkState="2" isExpanded="false" type="inflow" number="1" cgnsNumber="1" isCustomModified="false" isMapped="true" settingHidden="false"/>
                            <BoundaryCondition checkState="2" isExpanded="false" type="inflow" number="2" cgnsNumber="2" isCustomModified="false" isMapped="true" settingHidden="false"/>
                            <BoundaryCondition checkState="2" isExpanded="false" type="outflow" number="1" cgnsNumber="1" isCustomModified="false" isMapped="true" settingHidden="false"/>
                        </BoundaryConditions>
                    </Grid>
                </Region>
            </GridType>
            <MeasuredDatas checkState="2" isExpanded="true"/>
            <InputCondition isExpanded="false" isSet="true"/>
            <Axes checkState="2" isExpanded="true"/>
            <DistanceMeasures checkState="2" isExpanded="true">
                <DistanceMeasure checkState="2" isExpanded="true" name="Measure1" defined="false" point1X="0" point1Y="0" point2X="0" point2Y="0" showLabel="true" labelMode="0" labelPosition="2" fontSize="12" customLabel="" showMarkers="true" markerSize="7" color="#000000"/>
            </DistanceMeasures>
            <TmsBackground checkState="2" isExpanded="true" target=""/>
        </DataModel>
    </PreProcessorWindow>
    <SolverConsoleWindow visible="false" maximized="true" left="0" top="0" width="1402" height="787" backgroundColor="#c8c8c8"/>
    <PostProcessorFactory>
        <WindowCount name="post2dwindow" value="3"/>
    </PostProcessorFactory>
</iRICProject>
