<?xml version="1.0" encoding="UTF-8"?>
<iRICProject version="3.0.18.6312" solverName="storm" solverVersion="0.4.1" offsetX="0" offsetY="0">
    <CgnsFileList current="Case1">
        <CgnsFileEntry filename="Case1" comment=""/>
    </CgnsFileList>
    <MeasuredDatas/>
    <CalculationResult currentStep="50">
        <Base dimension="2">
            <Zone name="iRICZone"/>
        </Base>
    </CalculationResult>
    <PostProcessors/>
    <Backgrounds>
        <BackgroundImageInfo filename="GR with WS.jpg" angle="0" positionX="644436" positionY="4.4723e+06" scale="0.768204" visibility="true" fixed="false"/>
    </Backgrounds>
    <PreProcessorWindow backgroundColor="#ffffff" visible="true" maximized="false" left="348" top="-59" width="1278" height="764">
        <Camera positionX="645752" positionY="4.47336e+06" positionZ="200" focalpointX="645752" focalpointY="4.47336e+06" focalpointZ="0" roll="0" parallelscale="382.545" parallelprojection="true"/>
        <DataModel isExpanded="false" mappingMode="0" geoMappingMode="0" tempAutoRegion="1" tempStreamWiseLength="4" tempCrossStreamLength="1" numExpansion="3" weightExponent="1">
            <BackgroundImages checkState="2" isExpanded="true"/>
            <GridType checkState="2" isExpanded="false" name="storm">
                <ColorMaps>
                    <ColorMap name="initial_cd" autoRange="true" autoMin="0.0396" autoMax="0.0404" manualMin="0" manualMax="0" colorMap="0"/>
                    <ColorMap name="initial_u0" autoRange="true" autoMin="-1.54" autoMax="0" manualMin="0" manualMax="0" colorMap="0"/>
                    <ColorMap name="initial_v0" autoRange="true" autoMin="-1.46" autoMax="1.09" manualMin="0" manualMax="0" colorMap="0"/>
                    <ColorMap name="initial_wse" autoRange="true" autoMin="0" autoMax="1448.7" manualMin="0" manualMax="0" colorMap="0"/>
                    <ColorMap name="initial_z0" autoRange="true" autoMin="1443.76" autoMax="1455" manualMin="0" manualMax="0" colorMap="0"/>
                    <ColorMap name="wind_dir" autoRange="true" autoMin="-0.0001" autoMax="0.0001" manualMin="0" manualMax="0" colorMap="0"/>
                    <ColorMap name="wind_fric" autoRange="true" autoMin="-0.0001" autoMax="0.0001" manualMin="0" manualMax="0" colorMap="0"/>
                    <ColorMap name="wind_mag" autoRange="true" autoMin="-0.0001" autoMax="0.0001" manualMin="0" manualMax="0" colorMap="0"/>
                </ColorMaps>
                <GeoData checkState="2" isExpanded="true" visible="true" titleFontFamily="0" titleFontColor="#000000" titleFontSize="10" titleFontIsBold="false" titleFontIsItalic="false" titleFontIsShadow="false" labelFontFamily="0" labelFontColor="#000000" labelFontSize="10" labelFontIsBold="false" labelFontIsItalic="false" labelFontIsShadow="false">
                    <GeoDataGroup checkState="2" isExpanded="true" name="initial_z0">
                        <GeoData checkState="2" isExpanded="false" type="realPointmap" name="pointset1" caption="Points1" mapped="true" needremeshing="0" hidebreaklines="0" representation="0" opacityPercent="100" pointSize="2"/>
                        <GeoData checkState="2" isExpanded="false" type="realBackground" name="background" caption="Default" mapped="true"/>
                    </GeoDataGroup>
                    <GeoDataGroup checkState="0" isExpanded="true" name="initial_cd">
                        <GeoData checkState="0" isExpanded="false" type="realPolygon" name="polygon1" caption="Polygon1" mapped="true" color="#000000" opacityPercent="50" mapping="0"/>
                        <GeoData checkState="2" isExpanded="false" type="realBackground" name="background" caption="Default" mapped="true"/>
                    </GeoDataGroup>
                    <GeoDataGroup checkState="0" isExpanded="true" name="initial_u0">
                        <GeoData checkState="0" isExpanded="false" type="realPolygon" name="polygon3" caption="Region2" mapped="true" color="#000000" opacityPercent="50" mapping="0"/>
                        <GeoData checkState="0" isExpanded="false" type="realPolygon" name="polygon2" caption="Elbow" mapped="true" color="#000000" opacityPercent="50" mapping="0"/>
                        <GeoData checkState="0" isExpanded="false" type="realPolygon" name="polygon1" caption="Region1" mapped="true" color="#000000" opacityPercent="50" mapping="0"/>
                        <GeoData checkState="2" isExpanded="false" type="realBackground" name="background" caption="Default" mapped="true"/>
                    </GeoDataGroup>
                    <GeoDataGroup checkState="0" isExpanded="true" name="initial_v0">
                        <GeoData checkState="2" isExpanded="false" type="realPolygon" name="polygon3" caption="Region2Y" mapped="true" color="#000000" opacityPercent="50" mapping="0"/>
                        <GeoData checkState="2" isExpanded="false" type="realPolygon" name="polygon2" caption="ElbowY" mapped="true" color="#000000" opacityPercent="50" mapping="0"/>
                        <GeoData checkState="2" isExpanded="false" type="realPolygon" name="polygon1" caption="Region1Y" mapped="true" color="#000000" opacityPercent="50" mapping="0"/>
                        <GeoData checkState="2" isExpanded="false" type="realBackground" name="background" caption="Default" mapped="true"/>
                    </GeoDataGroup>
                    <GeoDataGroup checkState="0" isExpanded="false" name="initial_wse">
                        <GeoData checkState="2" isExpanded="false" type="realPolygon" name="polygon3" caption="Region2Stage" mapped="true" color="#000000" opacityPercent="50" mapping="0"/>
                        <GeoData checkState="2" isExpanded="false" type="realPolygon" name="polygon2" caption="RegionElbStage" mapped="true" color="#000000" opacityPercent="50" mapping="0"/>
                        <GeoData checkState="2" isExpanded="false" type="realPolygon" name="polygon1" caption="Region1Stage" mapped="true" color="#000000" opacityPercent="50" mapping="0"/>
                        <GeoData checkState="2" isExpanded="false" type="realBackground" name="background" caption="Default" mapped="true"/>
                    </GeoDataGroup>
                    <GeoDataGroup checkState="2" isExpanded="true" name="wind_fric">
                        <GeoData checkState="2" isExpanded="false" type="realBackground" name="background" caption="Default" mapped="true"/>
                    </GeoDataGroup>
                    <GeoDataGroup checkState="2" isExpanded="true" name="wind_mag">
                        <GeoData checkState="2" isExpanded="false" type="realBackground" name="background" caption="Default" mapped="true"/>
                    </GeoDataGroup>
                    <GeoDataGroup checkState="2" isExpanded="true" name="wind_dir">
                        <GeoData checkState="2" isExpanded="false" type="realBackground" name="background" caption="Default" mapped="true"/>
                    </GeoDataGroup>
                    <GeoDataGroup checkState="2" isExpanded="true" name="_referenceinformation">
                        <GeoData checkState="2" isExpanded="false" type="realBackground" name="background" caption="Default" mapped="true"/>
                    </GeoDataGroup>
                </GeoData>
                <HydraulicData isExpanded="false">
                    <HydraulicDataGroup isExpanded="false" name="waterelevation">
                        <HydraulicData isExpanded="false" name="wse1" caption="WSE"/>
                    </HydraulicDataGroup>
                </HydraulicData>
                <Region checkState="2" isExpanded="false" zoneName="iRICZone" caption="Region">
                    <GridCreatingCondition checkState="2" isExpanded="true" name="triangle"/>
                    <BoundaryConditionSettings checkState="2" isExpanded="true">
                        <BoundaryConditionSetting checkState="2" isExpanded="false"/>
                        <BoundaryConditionSetting checkState="2" isExpanded="false"/>
                        <BoundaryConditionSetting checkState="2" isExpanded="false"/>
                    </BoundaryConditionSettings>
                    <Grid checkState="2" isExpanded="true">
                        <Shape checkState="2" isExpanded="false" color="#000000" shape="1" indexVisible="false" indexColor="#000000"/>
                        <NodeAttributes checkState="0" isExpanded="false" opacityPercent="50">
                            <NodeAttribute name="initial_z0" checkState="0" isExpanded="false" isCustomModified="0">
                                <Contour ContourType="3" NumberOfDivision="10"/>
                            </NodeAttribute>
                            <NodeAttribute name="initial_cd" checkState="0" isExpanded="false" isCustomModified="0">
                                <Contour ContourType="3" NumberOfDivision="10"/>
                            </NodeAttribute>
                            <NodeAttribute name="initial_u0" checkState="0" isExpanded="false" isCustomModified="0">
                                <Contour ContourType="3" NumberOfDivision="10"/>
                            </NodeAttribute>
                            <NodeAttribute name="initial_v0" checkState="0" isExpanded="false" isCustomModified="0">
                                <Contour ContourType="3" NumberOfDivision="10"/>
                            </NodeAttribute>
                            <NodeAttribute name="initial_wse" checkState="0" isExpanded="false" isCustomModified="0">
                                <Contour ContourType="3" NumberOfDivision="10"/>
                            </NodeAttribute>
                            <NodeAttribute name="wind_fric" checkState="0" isExpanded="false" isCustomModified="0">
                                <Contour ContourType="3" NumberOfDivision="10"/>
                            </NodeAttribute>
                            <NodeAttribute name="wind_mag" checkState="0" isExpanded="false" isCustomModified="0">
                                <Contour ContourType="3" NumberOfDivision="10"/>
                            </NodeAttribute>
                            <NodeAttribute name="wind_dir" checkState="0" isExpanded="false" isCustomModified="0">
                                <Contour ContourType="3" NumberOfDivision="10"/>
                            </NodeAttribute>
                        </NodeAttributes>
                        <CellAttributes checkState="0" isExpanded="false" opacityPercent="50"/>
                        <BoundaryConditions checkState="2" isExpanded="false">
                            <BoundaryCondition checkState="2" isExpanded="false" type="inflow" number="1" cgnsNumber="1" isCustomModified="false" isMapped="true" settingHidden="false"/>
                            <BoundaryCondition checkState="2" isExpanded="false" type="outflow" number="1" cgnsNumber="1" isCustomModified="false" isMapped="true" settingHidden="false"/>
                            <BoundaryCondition checkState="2" isExpanded="false" type="outflow" number="2" cgnsNumber="2" isCustomModified="false" isMapped="true" settingHidden="false"/>
                        </BoundaryConditions>
                    </Grid>
                </Region>
            </GridType>
            <MeasuredDatas checkState="2" isExpanded="true"/>
            <InputCondition isExpanded="false" isSet="true"/>
            <Axes checkState="2" isExpanded="true"/>
            <DistanceMeasures checkState="2" isExpanded="true">
                <DistanceMeasure checkState="2" isExpanded="true" name="Measure1" defined="false" point1X="0" point1Y="0" point2X="0" point2Y="0" showLabel="true" labelMode="0" labelPosition="2" fontSize="12" customLabel="" showMarkers="true" markerSize="7" color="#000000"/>
            </DistanceMeasures>
            <TmsBackground checkState="2" isExpanded="true" target=""/>
        </DataModel>
    </PreProcessorWindow>
    <SolverConsoleWindow visible="false" maximized="false" left="30" top="30" width="700" height="500" backgroundColor="#c8c8c8"/>
    <PostProcessorFactory>
        <WindowCount name="post2dbirdeyewindow" value="1"/>
        <WindowCount name="post2dwindow" value="5"/>
    </PostProcessorFactory>
</iRICProject>
