IMAX,JMAX,KMAX
37,9,2
I,J,K,X,Y,Z
0,0,0,0,-0.15,0
1,0,0,0.0858901,-0.16045,-0.001
2,0,0,0.170855,-0.191301,-0.002
3,0,0,0.255914,-0.242125,-0.004
4,0,0,0.34292,-0.308098,-0.005
5,0,0,0.43692,-0.387098,-0.006
6,0,0,0.543914,-0.468125,-0.007
7,0,0,0.668855,-0.542301,-0.009
8,0,0,0.81289,-0.59445,-0.01
9,0,0,0.97,-0.613,-0.011
10,0,0,1.12688,-0.593506,-0.012
11,0,0,1.27114,-0.542301,-0.013
12,0,0,1.39609,-0.468125,-0.015
13,0,0,1.50357,-0.386695,-0.016
14,0,0,1.59708,-0.308098,-0.017
15,0,0,1.68409,-0.242125,-0.018
16,0,0,1.76914,-0.191301,-0.02
17,0,0,1.85411,-0.16045,-0.021
18,0,0,1.94,-0.15,-0.022
19,0,0,2.02589,-0.160451,-0.023
20,0,0,2.11086,-0.191301,-0.024
21,0,0,2.19591,-0.242125,-0.026
22,0,0,2.28292,-0.308098,-0.027
23,0,0,2.37692,-0.387098,-0.028
24,0,0,2.48391,-0.468125,-0.029
25,0,0,2.60886,-0.5423,-0.031
26,0,0,2.75289,-0.594451,-0.032
27,0,0,2.91,-0.613,-0.033
28,0,0,3.06688,-0.593507,-0.034
29,0,0,3.21114,-0.542301,-0.035
30,0,0,3.33609,-0.468125,-0.037
31,0,0,3.44357,-0.386695,-0.038
32,0,0,3.53708,-0.308098,-0.039
33,0,0,3.62409,-0.242125,-0.04
34,0,0,3.70914,-0.1913,-0.042
35,0,0,3.79411,-0.160451,-0.043
36,0,0,3.88,-0.15,-0.044
0,1,0,0,-0.1125,0
1,1,0,0.0947788,-0.124019,-0.001
2,1,0,0.187123,-0.157513,-0.002
3,1,0,0.277175,-0.211234,-0.004
4,1,0,0.36668,-0.279086,-0.005
5,1,0,0.46068,-0.358086,-0.006
6,1,0,0.565175,-0.437234,-0.007
7,1,0,0.685123,-0.508513,-0.009
8,1,0,0.821779,-0.558019,-0.01
9,1,0,0.97,-0.5755,-0.011
10,1,0,1.11802,-0.557068,-0.012
11,1,0,1.25488,-0.508513,-0.013
12,1,0,1.37483,-0.437234,-0.015
13,1,0,1.47975,-0.357733,-0.016
14,1,0,1.57332,-0.279086,-0.017
15,1,0,1.66283,-0.211234,-0.018
16,1,0,1.75288,-0.157513,-0.02
17,1,0,1.84522,-0.124019,-0.021
18,1,0,1.94,-0.1125,-0.022
19,1,0,2.03478,-0.124019,-0.023
20,1,0,2.12712,-0.157513,-0.024
21,1,0,2.21717,-0.211234,-0.026
22,1,0,2.30668,-0.279086,-0.027
23,1,0,2.40068,-0.358086,-0.028
24,1,0,2.50517,-0.437234,-0.029
25,1,0,2.62512,-0.508513,-0.031
26,1,0,2.76178,-0.558019,-0.032
27,1,0,2.91,-0.5755,-0.033
28,1,0,3.05802,-0.557068,-0.034
29,1,0,3.19488,-0.508513,-0.035
30,1,0,3.31483,-0.437234,-0.037
31,1,0,3.41975,-0.357733,-0.038
32,1,0,3.51332,-0.279086,-0.039
33,1,0,3.60283,-0.211234,-0.04
34,1,0,3.69288,-0.157513,-0.042
35,1,0,3.78522,-0.124019,-0.043
36,1,0,3.88,-0.1125,-0.044
0,2,0,0,-0.075,0
1,2,0,0.103668,-0.0875879,-0.001
2,2,0,0.203391,-0.123725,-0.002
3,2,0,0.298435,-0.180344,-0.004
4,2,0,0.39044,-0.250074,-0.005
5,2,0,0.48444,-0.329074,-0.006
6,2,0,0.586435,-0.406344,-0.007
7,2,0,0.701392,-0.474725,-0.009
8,2,0,0.830668,-0.521588,-0.01
9,2,0,0.97,-0.538,-0.011
10,2,0,1.10916,-0.52063,-0.012
11,2,0,1.23861,-0.474725,-0.013
12,2,0,1.35356,-0.406344,-0.015
13,2,0,1.45593,-0.328771,-0.016
14,2,0,1.54956,-0.250073,-0.017
15,2,0,1.64156,-0.180344,-0.018
16,2,0,1.73661,-0.123725,-0.02
17,2,0,1.83633,-0.0875879,-0.021
18,2,0,1.94,-0.075,-0.022
19,2,0,2.04367,-0.0875879,-0.023
20,2,0,2.14339,-0.123725,-0.024
21,2,0,2.23844,-0.180344,-0.026
22,2,0,2.33044,-0.250073,-0.027
23,2,0,2.42444,-0.329074,-0.028
24,2,0,2.52644,-0.406344,-0.029
25,2,0,2.64139,-0.474725,-0.031
26,2,0,2.77067,-0.521588,-0.032
27,2,0,2.91,-0.538,-0.033
28,2,0,3.04916,-0.52063,-0.034
29,2,0,3.17861,-0.474725,-0.035
30,2,0,3.29356,-0.406344,-0.037
31,2,0,3.39593,-0.328771,-0.038
32,2,0,3.48956,-0.250073,-0.039
33,2,0,3.58156,-0.180344,-0.04
34,2,0,3.67661,-0.123725,-0.042
35,2,0,3.77633,-0.0875879,-0.043
36,2,0,3.88,-0.075,-0.044
0,3,0,0,-0.0375,0
1,3,0,0.112556,-0.0511566,-0.001
2,3,0,0.21966,-0.0899378,-0.002
3,3,0,0.319696,-0.149453,-0.004
4,3,0,0.4142,-0.221061,-0.005
5,3,0,0.5082,-0.300061,-0.006
6,3,0,0.607696,-0.375453,-0.007
7,3,0,0.71766,-0.440938,-0.009
8,3,0,0.839556,-0.485157,-0.01
9,3,0,0.97,-0.5005,-0.011
10,3,0,1.1003,-0.484192,-0.012
11,3,0,1.22234,-0.440938,-0.013
12,3,0,1.3323,-0.375453,-0.015
13,3,0,1.43211,-0.299809,-0.016
14,3,0,1.5258,-0.221061,-0.017
15,3,0,1.6203,-0.149453,-0.018
16,3,0,1.72034,-0.0899378,-0.02
17,3,0,1.82744,-0.0511566,-0.021
18,3,0,1.94,-0.0375,-0.022
19,3,0,2.05256,-0.0511566,-0.023
20,3,0,2.15966,-0.0899378,-0.024
21,3,0,2.2597,-0.149453,-0.026
22,3,0,2.3542,-0.221061,-0.027
23,3,0,2.4482,-0.300061,-0.028
24,3,0,2.5477,-0.375453,-0.029
25,3,0,2.65766,-0.440938,-0.031
26,3,0,2.77956,-0.485157,-0.032
27,3,0,2.91,-0.5005,-0.033
28,3,0,3.0403,-0.484192,-0.034
29,3,0,3.16234,-0.440938,-0.035
30,3,0,3.2723,-0.375453,-0.037
31,3,0,3.37211,-0.299809,-0.038
32,3,0,3.4658,-0.221061,-0.039
33,3,0,3.5603,-0.149453,-0.04
34,3,0,3.66034,-0.0899378,-0.042
35,3,0,3.76744,-0.0511566,-0.043
36,3,0,3.88,-0.0375,-0.044
0,4,0,0,-2.98023e-009,0
1,4,0,0.121445,-0.0147252,-0.001
2,4,0,0.235928,-0.0561503,-0.002
3,4,0,0.340957,-0.118562,-0.004
4,4,0,0.43796,-0.192049,-0.005
5,4,0,0.53196,-0.271049,-0.006
6,4,0,0.628957,-0.344563,-0.007
7,4,0,0.733928,-0.40715,-0.009
8,4,0,0.848445,-0.448725,-0.01
9,4,0,0.97,-0.463,-0.011
10,4,0,1.09144,-0.447753,-0.012
11,4,0,1.20607,-0.40715,-0.013
12,4,0,1.31104,-0.344562,-0.015
13,4,0,1.40829,-0.270847,-0.016
14,4,0,1.50204,-0.192049,-0.017
15,4,0,1.59904,-0.118562,-0.018
16,4,0,1.70407,-0.0561503,-0.02
17,4,0,1.81855,-0.0147252,-0.021
18,4,0,1.94,-2.98023e-009,-0.022
19,4,0,2.06144,-0.0147253,-0.023
20,4,0,2.17593,-0.0561503,-0.024
21,4,0,2.28096,-0.118563,-0.026
22,4,0,2.37796,-0.192049,-0.027
23,4,0,2.47196,-0.271049,-0.028
24,4,0,2.56896,-0.344562,-0.029
25,4,0,2.67393,-0.40715,-0.031
26,4,0,2.78844,-0.448725,-0.032
27,4,0,2.91,-0.463,-0.033
28,4,0,3.03144,-0.447753,-0.034
29,4,0,3.14607,-0.40715,-0.035
30,4,0,3.25104,-0.344562,-0.037
31,4,0,3.34829,-0.270847,-0.038
32,4,0,3.44204,-0.192049,-0.039
33,4,0,3.53904,-0.118562,-0.04
34,4,0,3.64407,-0.0561502,-0.042
35,4,0,3.75855,-0.0147253,-0.043
36,4,0,3.88,-2.98023e-009,-0.044
0,5,0,0,0.0375,0
1,5,0,0.130334,0.0217061,-0.001
2,5,0,0.252196,-0.0223627,-0.002
3,5,0,0.362218,-0.0876719,-0.004
4,5,0,0.46172,-0.163037,-0.005
5,5,0,0.55572,-0.242037,-0.006
6,5,0,0.650218,-0.313672,-0.007
7,5,0,0.750196,-0.373363,-0.009
8,5,0,0.857334,-0.412294,-0.01
9,5,0,0.97,-0.4255,-0.011
10,5,0,1.08258,-0.411315,-0.012
11,5,0,1.1898,-0.373363,-0.013
12,5,0,1.28978,-0.313672,-0.015
13,5,0,1.38446,-0.241886,-0.016
14,5,0,1.47828,-0.163037,-0.017
15,5,0,1.57778,-0.0876719,-0.018
16,5,0,1.6878,-0.0223627,-0.02
17,5,0,1.80967,0.0217061,-0.021
18,5,0,1.94,0.0375,-0.022
19,5,0,2.07033,0.0217061,-0.023
20,5,0,2.1922,-0.0223627,-0.024
21,5,0,2.30222,-0.0876719,-0.026
22,5,0,2.40172,-0.163037,-0.027
23,5,0,2.49572,-0.242037,-0.028
24,5,0,2.59022,-0.313672,-0.029
25,5,0,2.6902,-0.373363,-0.031
26,5,0,2.79733,-0.412294,-0.032
27,5,0,2.91,-0.4255,-0.033
28,5,0,3.02258,-0.411315,-0.034
29,5,0,3.1298,-0.373363,-0.035
30,5,0,3.22978,-0.313672,-0.037
31,5,0,3.32446,-0.241886,-0.038
32,5,0,3.41828,-0.163037,-0.039
33,5,0,3.51778,-0.0876719,-0.04
34,5,0,3.6278,-0.0223627,-0.042
35,5,0,3.74967,0.0217061,-0.043
36,5,0,3.88,0.0375,-0.044
0,6,0,0,0.075,0
1,6,0,0.139223,0.0581374,-0.001
2,6,0,0.268464,0.0114249,-0.002
3,6,0,0.383478,-0.0567812,-0.004
4,6,0,0.48548,-0.134025,-0.005
5,6,0,0.57948,-0.213025,-0.006
6,6,0,0.671478,-0.282781,-0.007
7,6,0,0.766464,-0.339575,-0.009
8,6,0,0.866223,-0.375863,-0.01
9,6,0,0.97,-0.388,-0.011
10,6,0,1.07372,-0.374877,-0.012
11,6,0,1.17354,-0.339575,-0.013
12,6,0,1.26852,-0.282781,-0.015
13,6,0,1.36064,-0.212924,-0.016
14,6,0,1.45452,-0.134024,-0.017
15,6,0,1.55652,-0.0567812,-0.018
16,6,0,1.67154,0.0114249,-0.02
17,6,0,1.80078,0.0581374,-0.021
18,6,0,1.94,0.075,-0.022
19,6,0,2.07922,0.0581374,-0.023
20,6,0,2.20846,0.0114249,-0.024
21,6,0,2.32348,-0.0567813,-0.026
22,6,0,2.42548,-0.134024,-0.027
23,6,0,2.51948,-0.213025,-0.028
24,6,0,2.61148,-0.282781,-0.029
25,6,0,2.70646,-0.339575,-0.031
26,6,0,2.80622,-0.375863,-0.032
27,6,0,2.91,-0.388,-0.033
28,6,0,3.01372,-0.374877,-0.034
29,6,0,3.11354,-0.339575,-0.035
30,6,0,3.20852,-0.282781,-0.037
31,6,0,3.30064,-0.212924,-0.038
32,6,0,3.39452,-0.134024,-0.039
33,6,0,3.49652,-0.0567812,-0.04
34,6,0,3.61154,0.0114249,-0.042
35,6,0,3.74078,0.0581374,-0.043
36,6,0,3.88,0.075,-0.044
0,7,0,0,0.1125,0
1,7,0,0.148111,0.0945687,-0.001
2,7,0,0.284732,0.0452124,-0.002
3,7,0,0.404739,-0.0258906,-0.004
4,7,0,0.50924,-0.105012,-0.005
5,7,0,0.60324,-0.184012,-0.006
6,7,0,0.692739,-0.251891,-0.007
7,7,0,0.782732,-0.305788,-0.009
8,7,0,0.875111,-0.339431,-0.01
9,7,0,0.97,-0.3505,-0.011
10,7,0,1.06486,-0.338438,-0.012
11,7,0,1.15727,-0.305788,-0.013
12,7,0,1.24726,-0.251891,-0.015
13,7,0,1.33682,-0.183962,-0.016
14,7,0,1.43076,-0.105012,-0.017
15,7,0,1.53526,-0.0258906,-0.018
16,7,0,1.65527,0.0452124,-0.02
17,7,0,1.79189,0.0945687,-0.021
18,7,0,1.94,0.1125,-0.022
19,7,0,2.08811,0.0945687,-0.023
20,7,0,2.22473,0.0452124,-0.024
21,7,0,2.34474,-0.0258906,-0.026
22,7,0,2.44924,-0.105012,-0.027
23,7,0,2.54324,-0.184012,-0.028
24,7,0,2.63274,-0.251891,-0.029
25,7,0,2.72273,-0.305788,-0.031
26,7,0,2.81511,-0.339431,-0.032
27,7,0,2.91,-0.3505,-0.033
28,7,0,3.00486,-0.338438,-0.034
29,7,0,3.09727,-0.305788,-0.035
30,7,0,3.18726,-0.251891,-0.037
31,7,0,3.27682,-0.183962,-0.038
32,7,0,3.37076,-0.105012,-0.039
33,7,0,3.47526,-0.0258906,-0.04
34,7,0,3.59527,0.0452124,-0.042
35,7,0,3.73189,0.0945687,-0.043
36,7,0,3.88,0.1125,-0.044
0,8,0,0,0.15,0
1,8,0,0.157,0.131,-0.001
2,8,0,0.301,0.079,-0.002
3,8,0,0.426,0.005,-0.004
4,8,0,0.533,-0.076,-0.005
5,8,0,0.627,-0.155,-0.006
6,8,0,0.714,-0.221,-0.007
7,8,0,0.799,-0.272,-0.009
8,8,0,0.884,-0.303,-0.01
9,8,0,0.97,-0.313,-0.011
10,8,0,1.056,-0.302,-0.012
11,8,0,1.141,-0.272,-0.013
12,8,0,1.226,-0.221,-0.015
13,8,0,1.313,-0.155,-0.016
14,8,0,1.407,-0.076,-0.017
15,8,0,1.514,0.005,-0.018
16,8,0,1.639,0.079,-0.02
17,8,0,1.783,0.131,-0.021
18,8,0,1.94,0.15,-0.022
19,8,0,2.097,0.131,-0.023
20,8,0,2.241,0.079,-0.024
21,8,0,2.366,0.005,-0.026
22,8,0,2.473,-0.076,-0.027
23,8,0,2.567,-0.155,-0.028
24,8,0,2.654,-0.221,-0.029
25,8,0,2.739,-0.272,-0.031
26,8,0,2.824,-0.303,-0.032
27,8,0,2.91,-0.313,-0.033
28,8,0,2.996,-0.302,-0.034
29,8,0,3.081,-0.272,-0.035
30,8,0,3.166,-0.221,-0.037
31,8,0,3.253,-0.155,-0.038
32,8,0,3.347,-0.076,-0.039
33,8,0,3.454,0.005,-0.04
34,8,0,3.579,0.079,-0.042
35,8,0,3.723,0.131,-0.043
36,8,0,3.88,0.15,-0.044
0,0,1,0,-0.15,0
1,0,1,0.0858901,-0.16045,-0.001
2,0,1,0.170855,-0.191301,-0.002
3,0,1,0.255914,-0.242125,-0.004
4,0,1,0.34292,-0.308098,-0.005
5,0,1,0.43692,-0.387098,-0.006
6,0,1,0.543914,-0.468125,-0.007
7,0,1,0.668855,-0.542301,-0.009
8,0,1,0.81289,-0.59445,-0.01
9,0,1,0.97,-0.613,-0.011
10,0,1,1.12688,-0.593506,-0.012
11,0,1,1.27114,-0.542301,-0.013
12,0,1,1.39609,-0.468125,-0.015
13,0,1,1.50357,-0.386695,-0.016
14,0,1,1.59708,-0.308098,-0.017
15,0,1,1.68409,-0.242125,-0.018
16,0,1,1.76914,-0.191301,-0.02
17,0,1,1.85411,-0.16045,-0.021
18,0,1,1.94,-0.15,-0.022
19,0,1,2.02589,-0.160451,-0.023
20,0,1,2.11086,-0.191301,-0.024
21,0,1,2.19591,-0.242125,-0.026
22,0,1,2.28292,-0.308098,-0.027
23,0,1,2.37692,-0.387098,-0.028
24,0,1,2.48391,-0.468125,-0.029
25,0,1,2.60886,-0.5423,-0.031
26,0,1,2.75289,-0.594451,-0.032
27,0,1,2.91,-0.613,-0.033
28,0,1,3.06688,-0.593507,-0.034
29,0,1,3.21114,-0.542301,-0.035
30,0,1,3.33609,-0.468125,-0.037
31,0,1,3.44357,-0.386695,-0.038
32,0,1,3.53708,-0.308098,-0.039
33,0,1,3.62409,-0.242125,-0.04
34,0,1,3.70914,-0.1913,-0.042
35,0,1,3.79411,-0.160451,-0.043
36,0,1,3.88,-0.15,-0.044
0,1,1,0,-0.1125,0
1,1,1,0.0947788,-0.124019,-0.001
2,1,1,0.187123,-0.157513,-0.002
3,1,1,0.277175,-0.211234,-0.004
4,1,1,0.36668,-0.279086,-0.005
5,1,1,0.46068,-0.358086,-0.006
6,1,1,0.565175,-0.437234,-0.007
7,1,1,0.685123,-0.508513,-0.009
8,1,1,0.821779,-0.558019,-0.01
9,1,1,0.97,-0.5755,-0.011
10,1,1,1.11802,-0.557068,-0.012
11,1,1,1.25488,-0.508513,-0.013
12,1,1,1.37483,-0.437234,-0.015
13,1,1,1.47975,-0.357733,-0.016
14,1,1,1.57332,-0.279086,-0.017
15,1,1,1.66283,-0.211234,-0.018
16,1,1,1.75288,-0.157513,-0.02
17,1,1,1.84522,-0.124019,-0.021
18,1,1,1.94,-0.1125,-0.022
19,1,1,2.03478,-0.124019,-0.023
20,1,1,2.12712,-0.157513,-0.024
21,1,1,2.21717,-0.211234,-0.026
22,1,1,2.30668,-0.279086,-0.027
23,1,1,2.40068,-0.358086,-0.028
24,1,1,2.50517,-0.437234,-0.029
25,1,1,2.62512,-0.508513,-0.031
26,1,1,2.76178,-0.558019,-0.032
27,1,1,2.91,-0.5755,-0.033
28,1,1,3.05802,-0.557068,-0.034
29,1,1,3.19488,-0.508513,-0.035
30,1,1,3.31483,-0.437234,-0.037
31,1,1,3.41975,-0.357733,-0.038
32,1,1,3.51332,-0.279086,-0.039
33,1,1,3.60283,-0.211234,-0.04
34,1,1,3.69288,-0.157513,-0.042
35,1,1,3.78522,-0.124019,-0.043
36,1,1,3.88,-0.1125,-0.044
0,2,1,0,-0.075,0
1,2,1,0.103668,-0.0875879,-0.001
2,2,1,0.203391,-0.123725,-0.002
3,2,1,0.298435,-0.180344,-0.004
4,2,1,0.39044,-0.250074,-0.005
5,2,1,0.48444,-0.329074,-0.006
6,2,1,0.586435,-0.406344,-0.007
7,2,1,0.701392,-0.474725,-0.009
8,2,1,0.830668,-0.521588,-0.01
9,2,1,0.97,-0.538,-0.011
10,2,1,1.10916,-0.52063,-0.012
11,2,1,1.23861,-0.474725,-0.013
12,2,1,1.35356,-0.406344,-0.015
13,2,1,1.45593,-0.328771,-0.016
14,2,1,1.54956,-0.250073,-0.017
15,2,1,1.64156,-0.180344,-0.018
16,2,1,1.73661,-0.123725,-0.02
17,2,1,1.83633,-0.0875879,-0.021
18,2,1,1.94,-0.075,-0.022
19,2,1,2.04367,-0.0875879,-0.023
20,2,1,2.14339,-0.123725,-0.024
21,2,1,2.23844,-0.180344,-0.026
22,2,1,2.33044,-0.250073,-0.027
23,2,1,2.42444,-0.329074,-0.028
24,2,1,2.52644,-0.406344,-0.029
25,2,1,2.64139,-0.474725,-0.031
26,2,1,2.77067,-0.521588,-0.032
27,2,1,2.91,-0.538,-0.033
28,2,1,3.04916,-0.52063,-0.034
29,2,1,3.17861,-0.474725,-0.035
30,2,1,3.29356,-0.406344,-0.037
31,2,1,3.39593,-0.328771,-0.038
32,2,1,3.48956,-0.250073,-0.039
33,2,1,3.58156,-0.180344,-0.04
34,2,1,3.67661,-0.123725,-0.042
35,2,1,3.77633,-0.0875879,-0.043
36,2,1,3.88,-0.075,-0.044
0,3,1,0,-0.0375,0
1,3,1,0.112556,-0.0511566,-0.001
2,3,1,0.21966,-0.0899378,-0.002
3,3,1,0.319696,-0.149453,-0.004
4,3,1,0.4142,-0.221061,-0.005
5,3,1,0.5082,-0.300061,-0.006
6,3,1,0.607696,-0.375453,-0.007
7,3,1,0.71766,-0.440938,-0.009
8,3,1,0.839556,-0.485157,-0.01
9,3,1,0.97,-0.5005,-0.011
10,3,1,1.1003,-0.484192,-0.012
11,3,1,1.22234,-0.440938,-0.013
12,3,1,1.3323,-0.375453,-0.015
13,3,1,1.43211,-0.299809,-0.016
14,3,1,1.5258,-0.221061,-0.017
15,3,1,1.6203,-0.149453,-0.018
16,3,1,1.72034,-0.0899378,-0.02
17,3,1,1.82744,-0.0511566,-0.021
18,3,1,1.94,-0.0375,-0.022
19,3,1,2.05256,-0.0511566,-0.023
20,3,1,2.15966,-0.0899378,-0.024
21,3,1,2.2597,-0.149453,-0.026
22,3,1,2.3542,-0.221061,-0.027
23,3,1,2.4482,-0.300061,-0.028
24,3,1,2.5477,-0.375453,-0.029
25,3,1,2.65766,-0.440938,-0.031
26,3,1,2.77956,-0.485157,-0.032
27,3,1,2.91,-0.5005,-0.033
28,3,1,3.0403,-0.484192,-0.034
29,3,1,3.16234,-0.440938,-0.035
30,3,1,3.2723,-0.375453,-0.037
31,3,1,3.37211,-0.299809,-0.038
32,3,1,3.4658,-0.221061,-0.039
33,3,1,3.5603,-0.149453,-0.04
34,3,1,3.66034,-0.0899378,-0.042
35,3,1,3.76744,-0.0511566,-0.043
36,3,1,3.88,-0.0375,-0.044
0,4,1,0,-2.98023e-009,0
1,4,1,0.121445,-0.0147252,-0.001
2,4,1,0.235928,-0.0561503,-0.002
3,4,1,0.340957,-0.118562,-0.004
4,4,1,0.43796,-0.192049,-0.005
5,4,1,0.53196,-0.271049,-0.006
6,4,1,0.628957,-0.344563,-0.007
7,4,1,0.733928,-0.40715,-0.009
8,4,1,0.848445,-0.448725,-0.01
9,4,1,0.97,-0.463,-0.011
10,4,1,1.09144,-0.447753,-0.012
11,4,1,1.20607,-0.40715,-0.013
12,4,1,1.31104,-0.344562,-0.015
13,4,1,1.40829,-0.270847,-0.016
14,4,1,1.50204,-0.192049,-0.017
15,4,1,1.59904,-0.118562,-0.018
16,4,1,1.70407,-0.0561503,-0.02
17,4,1,1.81855,-0.0147252,-0.021
18,4,1,1.94,-2.98023e-009,-0.022
19,4,1,2.06144,-0.0147253,-0.023
20,4,1,2.17593,-0.0561503,-0.024
21,4,1,2.28096,-0.118563,-0.026
22,4,1,2.37796,-0.192049,-0.027
23,4,1,2.47196,-0.271049,-0.028
24,4,1,2.56896,-0.344562,-0.029
25,4,1,2.67393,-0.40715,-0.031
26,4,1,2.78844,-0.448725,-0.032
27,4,1,2.91,-0.463,-0.033
28,4,1,3.03144,-0.447753,-0.034
29,4,1,3.14607,-0.40715,-0.035
30,4,1,3.25104,-0.344562,-0.037
31,4,1,3.34829,-0.270847,-0.038
32,4,1,3.44204,-0.192049,-0.039
33,4,1,3.53904,-0.118562,-0.04
34,4,1,3.64407,-0.0561502,-0.042
35,4,1,3.75855,-0.0147253,-0.043
36,4,1,3.88,-2.98023e-009,-0.044
0,5,1,0,0.0375,0
1,5,1,0.130334,0.0217061,-0.001
2,5,1,0.252196,-0.0223627,-0.002
3,5,1,0.362218,-0.0876719,-0.004
4,5,1,0.46172,-0.163037,-0.005
5,5,1,0.55572,-0.242037,-0.006
6,5,1,0.650218,-0.313672,-0.007
7,5,1,0.750196,-0.373363,-0.009
8,5,1,0.857334,-0.412294,-0.01
9,5,1,0.97,-0.4255,-0.011
10,5,1,1.08258,-0.411315,-0.012
11,5,1,1.1898,-0.373363,-0.013
12,5,1,1.28978,-0.313672,-0.015
13,5,1,1.38446,-0.241886,-0.016
14,5,1,1.47828,-0.163037,-0.017
15,5,1,1.57778,-0.0876719,-0.018
16,5,1,1.6878,-0.0223627,-0.02
17,5,1,1.80967,0.0217061,-0.021
18,5,1,1.94,0.0375,-0.022
19,5,1,2.07033,0.0217061,-0.023
20,5,1,2.1922,-0.0223627,-0.024
21,5,1,2.30222,-0.0876719,-0.026
22,5,1,2.40172,-0.163037,-0.027
23,5,1,2.49572,-0.242037,-0.028
24,5,1,2.59022,-0.313672,-0.029
25,5,1,2.6902,-0.373363,-0.031
26,5,1,2.79733,-0.412294,-0.032
27,5,1,2.91,-0.4255,-0.033
28,5,1,3.02258,-0.411315,-0.034
29,5,1,3.1298,-0.373363,-0.035
30,5,1,3.22978,-0.313672,-0.037
31,5,1,3.32446,-0.241886,-0.038
32,5,1,3.41828,-0.163037,-0.039
33,5,1,3.51778,-0.0876719,-0.04
34,5,1,3.6278,-0.0223627,-0.042
35,5,1,3.74967,0.0217061,-0.043
36,5,1,3.88,0.0375,-0.044
0,6,1,0,0.075,0
1,6,1,0.139223,0.0581374,-0.001
2,6,1,0.268464,0.0114249,-0.002
3,6,1,0.383478,-0.0567812,-0.004
4,6,1,0.48548,-0.134025,-0.005
5,6,1,0.57948,-0.213025,-0.006
6,6,1,0.671478,-0.282781,-0.007
7,6,1,0.766464,-0.339575,-0.009
8,6,1,0.866223,-0.375863,-0.01
9,6,1,0.97,-0.388,-0.011
10,6,1,1.07372,-0.374877,-0.012
11,6,1,1.17354,-0.339575,-0.013
12,6,1,1.26852,-0.282781,-0.015
13,6,1,1.36064,-0.212924,-0.016
14,6,1,1.45452,-0.134024,-0.017
15,6,1,1.55652,-0.0567812,-0.018
16,6,1,1.67154,0.0114249,-0.02
17,6,1,1.80078,0.0581374,-0.021
18,6,1,1.94,0.075,-0.022
19,6,1,2.07922,0.0581374,-0.023
20,6,1,2.20846,0.0114249,-0.024
21,6,1,2.32348,-0.0567813,-0.026
22,6,1,2.42548,-0.134024,-0.027
23,6,1,2.51948,-0.213025,-0.028
24,6,1,2.61148,-0.282781,-0.029
25,6,1,2.70646,-0.339575,-0.031
26,6,1,2.80622,-0.375863,-0.032
27,6,1,2.91,-0.388,-0.033
28,6,1,3.01372,-0.374877,-0.034
29,6,1,3.11354,-0.339575,-0.035
30,6,1,3.20852,-0.282781,-0.037
31,6,1,3.30064,-0.212924,-0.038
32,6,1,3.39452,-0.134024,-0.039
33,6,1,3.49652,-0.0567812,-0.04
34,6,1,3.61154,0.0114249,-0.042
35,6,1,3.74078,0.0581374,-0.043
36,6,1,3.88,0.075,-0.044
0,7,1,0,0.1125,0
1,7,1,0.148111,0.0945687,-0.001
2,7,1,0.284732,0.0452124,-0.002
3,7,1,0.404739,-0.0258906,-0.004
4,7,1,0.50924,-0.105012,-0.005
5,7,1,0.60324,-0.184012,-0.006
6,7,1,0.692739,-0.251891,-0.007
7,7,1,0.782732,-0.305788,-0.009
8,7,1,0.875111,-0.339431,-0.01
9,7,1,0.97,-0.3505,-0.011
10,7,1,1.06486,-0.338438,-0.012
11,7,1,1.15727,-0.305788,-0.013
12,7,1,1.24726,-0.251891,-0.015
13,7,1,1.33682,-0.183962,-0.016
14,7,1,1.43076,-0.105012,-0.017
15,7,1,1.53526,-0.0258906,-0.018
16,7,1,1.65527,0.0452124,-0.02
17,7,1,1.79189,0.0945687,-0.021
18,7,1,1.94,0.1125,-0.022
19,7,1,2.08811,0.0945687,-0.023
20,7,1,2.22473,0.0452124,-0.024
21,7,1,2.34474,-0.0258906,-0.026
22,7,1,2.44924,-0.105012,-0.027
23,7,1,2.54324,-0.184012,-0.028
24,7,1,2.63274,-0.251891,-0.029
25,7,1,2.72273,-0.305788,-0.031
26,7,1,2.81511,-0.339431,-0.032
27,7,1,2.91,-0.3505,-0.033
28,7,1,3.00486,-0.338438,-0.034
29,7,1,3.09727,-0.305788,-0.035
30,7,1,3.18726,-0.251891,-0.037
31,7,1,3.27682,-0.183962,-0.038
32,7,1,3.37076,-0.105012,-0.039
33,7,1,3.47526,-0.0258906,-0.04
34,7,1,3.59527,0.0452124,-0.042
35,7,1,3.73189,0.0945687,-0.043
36,7,1,3.88,0.1125,-0.044
0,8,1,0,0.15,0
1,8,1,0.157,0.131,-0.001
2,8,1,0.301,0.079,-0.002
3,8,1,0.426,0.005,-0.004
4,8,1,0.533,-0.076,-0.005
5,8,1,0.627,-0.155,-0.006
6,8,1,0.714,-0.221,-0.007
7,8,1,0.799,-0.272,-0.009
8,8,1,0.884,-0.303,-0.01
9,8,1,0.97,-0.313,-0.011
10,8,1,1.056,-0.302,-0.012
11,8,1,1.141,-0.272,-0.013
12,8,1,1.226,-0.221,-0.015
13,8,1,1.313,-0.155,-0.016
14,8,1,1.407,-0.076,-0.017
15,8,1,1.514,0.005,-0.018
16,8,1,1.639,0.079,-0.02
17,8,1,1.783,0.131,-0.021
18,8,1,1.94,0.15,-0.022
19,8,1,2.097,0.131,-0.023
20,8,1,2.241,0.079,-0.024
21,8,1,2.366,0.005,-0.026
22,8,1,2.473,-0.076,-0.027
23,8,1,2.567,-0.155,-0.028
24,8,1,2.654,-0.221,-0.029
25,8,1,2.739,-0.272,-0.031
26,8,1,2.824,-0.303,-0.032
27,8,1,2.91,-0.313,-0.033
28,8,1,2.996,-0.302,-0.034
29,8,1,3.081,-0.272,-0.035
30,8,1,3.166,-0.221,-0.037
31,8,1,3.253,-0.155,-0.038
32,8,1,3.347,-0.076,-0.039
33,8,1,3.454,0.005,-0.04
34,8,1,3.579,0.079,-0.042
35,8,1,3.723,0.131,-0.043
36,8,1,3.88,0.15,-0.044
I ,  J ,  K , FLAGS
0, 0, 0, 0
1, 0, 0, 0
2, 0, 0, 0
3, 0, 0, 0
4, 0, 0, 0
5, 0, 0, 0
6, 0, 0, 0
7, 0, 0, 0
8, 0, 0, 0
9, 0, 0, 0
10, 0, 0, 0
11, 0, 0, 0
12, 0, 0, 0
13, 0, 0, 0
14, 0, 0, 0
15, 0, 0, 0
16, 0, 0, 0
17, 0, 0, 0
18, 0, 0, 0
19, 0, 0, 0
20, 0, 0, 0
21, 0, 0, 0
22, 0, 0, 0
23, 0, 0, 0
24, 0, 0, 0
25, 0, 0, 0
26, 0, 0, 0
27, 0, 0, 0
28, 0, 0, 0
29, 0, 0, 0
30, 0, 0, 0
31, 0, 0, 0
32, 0, 0, 0
33, 0, 0, 0
34, 0, 0, 0
35, 0, 0, 0
0, 1, 0, 0
1, 1, 0, 0
2, 1, 0, 0
3, 1, 0, 0
4, 1, 0, 0
5, 1, 0, 0
6, 1, 0, 0
7, 1, 0, 0
8, 1, 0, 0
9, 1, 0, 0
10, 1, 0, 0
11, 1, 0, 0
12, 1, 0, 0
13, 1, 0, 0
14, 1, 0, 0
15, 1, 0, 0
16, 1, 0, 0
17, 1, 0, 0
18, 1, 0, 0
19, 1, 0, 0
20, 1, 0, 0
21, 1, 0, 0
22, 1, 0, 0
23, 1, 0, 0
24, 1, 0, 0
25, 1, 0, 0
26, 1, 0, 0
27, 1, 0, 0
28, 1, 0, 0
29, 1, 0, 0
30, 1, 0, 0
31, 1, 0, 0
32, 1, 0, 0
33, 1, 0, 0
34, 1, 0, 0
35, 1, 0, 0
0, 2, 0, 0
1, 2, 0, 0
2, 2, 0, 0
3, 2, 0, 0
4, 2, 0, 0
5, 2, 0, 0
6, 2, 0, 0
7, 2, 0, 0
8, 2, 0, 0
9, 2, 0, 0
10, 2, 0, 0
11, 2, 0, 0
12, 2, 0, 0
13, 2, 0, 0
14, 2, 0, 0
15, 2, 0, 0
16, 2, 0, 0
17, 2, 0, 0
18, 2, 0, 0
19, 2, 0, 0
20, 2, 0, 0
21, 2, 0, 0
22, 2, 0, 0
23, 2, 0, 0
24, 2, 0, 0
25, 2, 0, 0
26, 2, 0, 0
27, 2, 0, 0
28, 2, 0, 0
29, 2, 0, 0
30, 2, 0, 0
31, 2, 0, 0
32, 2, 0, 0
33, 2, 0, 0
34, 2, 0, 0
35, 2, 0, 0
0, 3, 0, 0
1, 3, 0, 0
2, 3, 0, 0
3, 3, 0, 0
4, 3, 0, 0
5, 3, 0, 0
6, 3, 0, 0
7, 3, 0, 0
8, 3, 0, 0
9, 3, 0, 0
10, 3, 0, 0
11, 3, 0, 0
12, 3, 0, 0
13, 3, 0, 0
14, 3, 0, 0
15, 3, 0, 0
16, 3, 0, 0
17, 3, 0, 0
18, 3, 0, 0
19, 3, 0, 0
20, 3, 0, 0
21, 3, 0, 0
22, 3, 0, 0
23, 3, 0, 0
24, 3, 0, 0
25, 3, 0, 0
26, 3, 0, 0
27, 3, 0, 0
28, 3, 0, 0
29, 3, 0, 0
30, 3, 0, 0
31, 3, 0, 0
32, 3, 0, 0
33, 3, 0, 0
34, 3, 0, 0
35, 3, 0, 0
0, 4, 0, 0
1, 4, 0, 0
2, 4, 0, 0
3, 4, 0, 0
4, 4, 0, 0
5, 4, 0, 0
6, 4, 0, 0
7, 4, 0, 0
8, 4, 0, 0
9, 4, 0, 0
10, 4, 0, 0
11, 4, 0, 0
12, 4, 0, 0
13, 4, 0, 0
14, 4, 0, 0
15, 4, 0, 0
16, 4, 0, 0
17, 4, 0, 0
18, 4, 0, 0
19, 4, 0, 0
20, 4, 0, 0
21, 4, 0, 0
22, 4, 0, 0
23, 4, 0, 0
24, 4, 0, 0
25, 4, 0, 0
26, 4, 0, 0
27, 4, 0, 0
28, 4, 0, 0
29, 4, 0, 0
30, 4, 0, 0
31, 4, 0, 0
32, 4, 0, 0
33, 4, 0, 0
34, 4, 0, 0
35, 4, 0, 0
0, 5, 0, 0
1, 5, 0, 0
2, 5, 0, 0
3, 5, 0, 0
4, 5, 0, 0
5, 5, 0, 0
6, 5, 0, 0
7, 5, 0, 0
8, 5, 0, 0
9, 5, 0, 0
10, 5, 0, 0
11, 5, 0, 0
12, 5, 0, 0
13, 5, 0, 0
14, 5, 0, 0
15, 5, 0, 0
16, 5, 0, 0
17, 5, 0, 0
18, 5, 0, 0
19, 5, 0, 0
20, 5, 0, 0
21, 5, 0, 0
22, 5, 0, 0
23, 5, 0, 0
24, 5, 0, 0
25, 5, 0, 0
26, 5, 0, 0
27, 5, 0, 0
28, 5, 0, 0
29, 5, 0, 0
30, 5, 0, 0
31, 5, 0, 0
32, 5, 0, 0
33, 5, 0, 0
34, 5, 0, 0
35, 5, 0, 0
0, 6, 0, 0
1, 6, 0, 0
2, 6, 0, 0
3, 6, 0, 0
4, 6, 0, 0
5, 6, 0, 0
6, 6, 0, 0
7, 6, 0, 0
8, 6, 0, 0
9, 6, 0, 0
10, 6, 0, 0
11, 6, 0, 0
12, 6, 0, 0
13, 6, 0, 0
14, 6, 0, 0
15, 6, 0, 0
16, 6, 0, 0
17, 6, 0, 0
18, 6, 0, 0
19, 6, 0, 0
20, 6, 0, 0
21, 6, 0, 0
22, 6, 0, 0
23, 6, 0, 0
24, 6, 0, 0
25, 6, 0, 0
26, 6, 0, 0
27, 6, 0, 0
28, 6, 0, 0
29, 6, 0, 0
30, 6, 0, 0
31, 6, 0, 0
32, 6, 0, 0
33, 6, 0, 0
34, 6, 0, 0
35, 6, 0, 0
0, 7, 0, 0
1, 7, 0, 0
2, 7, 0, 0
3, 7, 0, 0
4, 7, 0, 0
5, 7, 0, 0
6, 7, 0, 0
7, 7, 0, 0
8, 7, 0, 0
9, 7, 0, 0
10, 7, 0, 0
11, 7, 0, 0
12, 7, 0, 0
13, 7, 0, 0
14, 7, 0, 0
15, 7, 0, 0
16, 7, 0, 0
17, 7, 0, 0
18, 7, 0, 0
19, 7, 0, 0
20, 7, 0, 0
21, 7, 0, 0
22, 7, 0, 0
23, 7, 0, 0
24, 7, 0, 0
25, 7, 0, 0
26, 7, 0, 0
27, 7, 0, 0
28, 7, 0, 0
29, 7, 0, 0
30, 7, 0, 0
31, 7, 0, 0
32, 7, 0, 0
33, 7, 0, 0
34, 7, 0, 0
35, 7, 0, 0
